action,param
specific,01.01.
specific,02.01.
specific,03.01.
specific,04.01.
specific,05.01.
specific,06.01.
specific,07.01.
specific,08.01.
specific,09.01.
specific,10.01.
specific,11.01.
specific,12.01.
specific,13.01.
specific,14.01.
specific,15.01.
specific,16.01.
specific,17.01.
specific,18.01.
specific,19.01.
specific,20.01.
specific,21.01.
specific,22.01.
specific,23.01.
specific,24.01.
specific,25.01.
specific,26.01.
specific,27.01.
specific,28.01.
specific,29.01.
specific,30.01.
specific,31.01.
specific,01.02.
specific,02.02.
specific,03.02.
specific,04.02.
specific,05.02.
specific,06.02.
specific,07.02.
specific,08.02.
specific,09.02.
specific,10.02.
specific,11.02.
specific,12.02.
specific,13.02.
specific,14.02.
specific,15.02.
specific,16.02.
specific,17.02.
specific,18.02.
specific,19.02.
specific,20.02.
specific,21.02.
specific,22.02.
specific,23.02.
specific,24.02.
specific,25.02.
specific,26.02.
specific,27.02.
specific,28.02.
specific,29.02.
specific,01.03.
specific,02.03.
specific,03.03.
specific,04.03.
specific,05.03.
specific,06.03.
specific,07.03.
specific,08.03.
specific,09.03.
specific,10.03.
specific,11.03.
specific,12.03.
specific,13.03.
specific,14.03.
specific,15.03.
specific,16.03.
specific,17.03.
specific,18.03.
specific,19.03.
specific,20.03.
specific,21.03.
specific,22.03.
specific,23.03.
specific,24.03.
specific,25.03.
specific,26.03.
specific,27.03.
specific,28.03.
specific,29.03.
specific,30.03.
specific,31.03.
specific,01.04.
specific,02.04.
specific,03.04.
specific,04.04.
specific,05.04.
specific,06.04.
specific,07.04.
specific,08.04.
specific,09.04.
specific,10.04.
specific,11.04.
specific,12.04.
specific,13.04.
specific,14.04.
specific,15.04.
specific,16.04.
specific,17.04.
specific,18.04.
specific,19.04.
specific,20.04.
specific,21.04.
specific,22.04.
specific,23.04.
specific,24.04.
specific,25.04.
specific,26.04.
specific,27.04.
specific,28.04.
specific,29.04.
specific,30.04.
specific,01.05.
specific,02.05.
specific,03.05.
specific,04.05.
specific,05.05.
specific,06.05.
specific,07.05.
specific,08.05.
specific,09.05.
specific,10.05.
specific,11.05.
specific,12.05.
specific,13.05.
specific,14.05.
specific,15.05.
specific,16.05.
specific,17.05.
specific,18.05.
specific,19.05.
specific,20.05.
specific,21.05.
specific,22.05.
specific,23.05.
specific,24.05.
specific,25.05.
specific,26.05.
specific,27.05.
specific,28.05.
specific,29.05.
specific,30.05.
specific,31.05.
specific,01.06.
specific,02.06.
specific,03.06.
specific,04.06.
specific,05.06.
specific,06.06.
specific,07.06.
specific,08.06.
specific,09.06.
specific,10.06.
specific,11.06.
specific,12.06.
specific,13.06.
specific,14.06.
specific,15.06.
specific,16.06.
specific,17.06.
specific,18.06.
specific,19.06.
specific,20.06.
specific,21.06.
specific,22.06.
specific,23.06.
specific,24.06.
specific,25.06.
specific,26.06.
specific,27.06.
specific,28.06.
specific,29.06.
specific,30.06.
specific,01.07.
specific,02.07.
specific,03.07.
specific,04.07.
specific,05.07.
specific,06.07.
specific,07.07.
specific,08.07.
specific,09.07.
specific,10.07.
specific,11.07.
specific,12.07.
specific,13.07.
specific,14.07.
specific,15.07.
specific,16.07.
specific,17.07.
specific,18.07.
specific,19.07.
specific,20.07.
specific,21.07.
specific,22.07.
specific,23.07.
specific,24.07.
specific,25.07.
specific,26.07.
specific,27.07.
specific,28.07.
specific,29.07.
specific,30.07.
specific,31.07.
specific,01.08.
specific,02.08.
specific,03.08.
specific,04.08.
specific,05.08.
specific,06.08.
specific,07.08.
specific,08.08.
specific,09.08.
specific,10.08.
specific,11.08.
specific,12.08.
specific,13.08.
specific,14.08.
specific,15.08.
specific,16.08.
specific,17.08.
specific,18.08.
specific,19.08.
specific,20.08.
specific,21.08.
specific,22.08.
specific,23.08.
specific,24.08.
specific,25.08.
specific,26.08.
specific,27.08.
specific,28.08.
specific,29.08.
specific,30.08.
specific,31.08.
specific,01.09.
specific,02.09.
specific,03.09.
specific,04.09.
specific,05.09.
specific,06.09.
specific,07.09.
specific,08.09.
specific,09.09.
specific,10.09.
specific,11.09.
specific,12.09.
specific,13.09.
specific,14.09.
specific,15.09.
specific,16.09.
specific,17.09.
specific,18.09.
specific,19.09.
specific,20.09.
specific,21.09.
specific,22.09.
specific,23.09.
specific,24.09.
specific,25.09.
specific,26.09.
specific,27.09.
specific,28.09.
specific,29.09.
specific,30.09.
specific,01.10.
specific,02.10.
specific,03.10.
specific,04.10.
specific,05.10.
specific,06.10.
specific,07.10.
specific,08.10.
specific,09.10.
specific,10.10.
specific,11.10.
specific,12.10.
specific,13.10.
specific,14.10.
specific,15.10.
specific,16.10.
specific,17.10.
specific,18.10.
specific,19.10.
specific,20.10.
specific,21.10.
specific,22.10.
specific,23.10.
specific,24.10.
specific,25.10.
specific,26.10.
specific,27.10.
specific,28.10.
specific,29.10.
specific,30.10.
specific,31.10.
specific,01.11.
specific,02.11.
specific,03.11.
specific,04.11.
specific,05.11.
specific,06.11.
specific,07.11.
specific,08.11.
specific,09.11.
specific,10.11.
specific,11.11.
specific,12.11.
specific,13.11.
specific,14.11.
specific,15.11.
specific,16.11.
specific,17.11.
specific,18.11.
specific,19.11.
specific,20.11.
specific,21.11.
specific,22.11.
specific,23.11.
specific,24.11.
specific,25.11.
specific,26.11.
specific,27.11.
specific,28.11.
specific,29.11.
specific,30.11.
specific,01.12.
specific,02.12.
specific,03.12.
specific,04.12.
specific,05.12.
specific,06.12.
specific,07.12.
specific,08.12.
specific,09.12.
specific,10.12.
specific,11.12.
specific,12.12.
specific,13.12.
specific,14.12.
specific,15.12.
specific,16.12.
specific,17.12.
specific,18.12.
specific,19.12.
specific,20.12.
specific,21.12.
specific,22.12.
specific,23.12.
specific,24.12.
specific,25.12.
specific,26.12.
specific,27.12.
specific,28.12.
specific,29.12.
specific,30.12.
specific,31.12.